[
  {
    "id": "17b6ba63-ad36-4a6d-98d2-87bd7272b51a",
    "data": [
      {
        "text": "like what",
        "userDefined": false
      }
    ],
    "isTemplate": false,
    "count": 0,
    "lang": "en",
    "updated": 0
  },
  {
    "id": "948e4cd3-fc68-4713-b553-705da8070a67",
    "data": [
      {
        "text": "like",
        "userDefined": false
      }
    ],
    "isTemplate": false,
    "count": 0,
    "lang": "en",
    "updated": 0
  },
  {
    "id": "26324921-9108-4fbb-bc91-c2a18a183592",
    "data": [
      {
        "text": "more",
        "userDefined": false
      }
    ],
    "isTemplate": false,
    "count": 0,
    "lang": "en",
    "updated": 0
  },
  {
    "id": "f836a171-5766-47f1-a432-2ecd2fbbbe29",
    "data": [
      {
        "text": "tell me more",
        "userDefined": false
      }
    ],
    "isTemplate": false,
    "count": 0,
    "lang": "en",
    "updated": 0
  },
  {
    "id": "d4788639-5e47-474b-b453-48085a8d93a8",
    "data": [
      {
        "text": "why",
        "userDefined": false
      }
    ],
    "isTemplate": false,
    "count": 0,
    "lang": "en",
    "updated": 0
  },
  {
    "id": "7e9ba44c-8acb-49da-983a-159cf0771d52",
    "data": [
      {
        "text": "how does that work",
        "userDefined": false
      }
    ],
    "isTemplate": false,
    "count": 0,
    "lang": "en",
    "updated": 0
  },
  {
    "id": "078db189-dbf6-470c-9a6d-da4247d4bc35",
    "data": [
      {
        "text": "how",
        "userDefined": false
      }
    ],
    "isTemplate": false,
    "count": 0,
    "lang": "en",
    "updated": 0
  }
]