[
  {
    "id": "7f8d6b75-09ea-4900-a126-e687490e79c5",
    "data": [
      {
        "text": "what is the experience",
        "userDefined": false
      }
    ],
    "isTemplate": false,
    "count": 0,
    "lang": "en",
    "updated": 0
  },
  {
    "id": "774049ed-bab4-4739-b021-be26e8f4169a",
    "data": [
      {
        "text": "what is the internship experience",
        "userDefined": false
      }
    ],
    "isTemplate": false,
    "count": 0,
    "lang": "en",
    "updated": 0
  },
  {
    "id": "3c7a0941-2f6a-4f42-b896-16a2c35e0aec",
    "data": [
      {
        "text": "what is the course about",
        "userDefined": false
      }
    ],
    "isTemplate": false,
    "count": 0,
    "lang": "en",
    "updated": 0
  },
  {
    "id": "ac9a61e2-d3c1-4473-ba83-c14c58980f74",
    "data": [
      {
        "text": "what is the class about",
        "userDefined": false
      }
    ],
    "isTemplate": false,
    "count": 0,
    "lang": "en",
    "updated": 0
  },
  {
    "id": "a26f8158-d1be-4f29-82cc-cec06c919381",
    "data": [
      {
        "text": "what is this about",
        "userDefined": false
      }
    ],
    "isTemplate": false,
    "count": 0,
    "lang": "en",
    "updated": 0
  },
  {
    "id": "ef417d28-1466-4514-8267-10fd8214ec1a",
    "data": [
      {
        "text": "about",
        "userDefined": false
      }
    ],
    "isTemplate": false,
    "count": 0,
    "lang": "en",
    "updated": 0
  }
]