[
  {
    "id": "99464b8b-0555-4346-ae2a-67b90e27ba86",
    "data": [
      {
        "text": "how do i sign up",
        "userDefined": false
      }
    ],
    "isTemplate": false,
    "count": 0,
    "lang": "en",
    "updated": 0
  },
  {
    "id": "3acce4b4-c7e8-4427-b515-1a4e78d376c6",
    "data": [
      {
        "text": "where do i enroll",
        "userDefined": false
      }
    ],
    "isTemplate": false,
    "count": 0,
    "lang": "en",
    "updated": 0
  },
  {
    "id": "af18c792-7c26-4b9b-905f-8ffb750174f2",
    "data": [
      {
        "text": "how do i enroll",
        "userDefined": false
      }
    ],
    "isTemplate": false,
    "count": 0,
    "lang": "en",
    "updated": 0
  },
  {
    "id": "40d73833-5192-44b8-ac6a-466e2716d554",
    "data": [
      {
        "text": "enrollment",
        "userDefined": false
      }
    ],
    "isTemplate": false,
    "count": 0,
    "lang": "en",
    "updated": 0
  },
  {
    "id": "5e24c399-8042-488e-8699-25624a6b7671",
    "data": [
      {
        "text": "enroll",
        "userDefined": false
      }
    ],
    "isTemplate": false,
    "count": 0,
    "lang": "en",
    "updated": 0
  },
  {
    "id": "5b38a282-1a95-496a-b77a-e05146aa3d51",
    "data": [
      {
        "text": "application",
        "userDefined": false
      }
    ],
    "isTemplate": false,
    "count": 0,
    "lang": "en",
    "updated": 0
  },
  {
    "id": "fa5ca458-0a68-4ed7-8f88-603cf5b94482",
    "data": [
      {
        "text": "where do i apply",
        "userDefined": false
      }
    ],
    "isTemplate": false,
    "count": 0,
    "lang": "en",
    "updated": 0
  },
  {
    "id": "aeb4c2f3-fc4e-4eca-9fbb-e9a498d5e4d4",
    "data": [
      {
        "text": "how do i apply",
        "userDefined": false
      }
    ],
    "isTemplate": false,
    "count": 0,
    "lang": "en",
    "updated": 0
  },
  {
    "id": "eb05c831-ba45-4365-91fb-c1712cb3df5f",
    "data": [
      {
        "text": "apply",
        "userDefined": false
      }
    ],
    "isTemplate": false,
    "count": 0,
    "lang": "en",
    "updated": 0
  }
]