[
  {
    "id": "8fdddc92-9766-4d51-b85b-d69bc6b5d616",
    "data": [
      {
        "text": "i have an it job",
        "userDefined": false
      }
    ],
    "isTemplate": false,
    "count": 0,
    "lang": "en",
    "updated": 0
  },
  {
    "id": "7d79c6c4-21b2-4353-a652-92cffce4421f",
    "data": [
      {
        "text": "i already have a job",
        "userDefined": false
      }
    ],
    "isTemplate": false,
    "count": 0,
    "lang": "en",
    "updated": 0
  },
  {
    "id": "af3b8d9b-2dc7-4fc5-9755-d52a59ff7521",
    "data": [
      {
        "text": "project",
        "userDefined": false
      }
    ],
    "isTemplate": false,
    "count": 0,
    "lang": "en",
    "updated": 0
  },
  {
    "id": "1fa665da-1e25-49d3-a5db-f8401a5d407f",
    "data": [
      {
        "text": "applied research",
        "userDefined": false
      }
    ],
    "isTemplate": false,
    "count": 0,
    "lang": "en",
    "updated": 0
  },
  {
    "id": "df64ed15-2b5a-4766-8a04-3359338f3968",
    "data": [
      {
        "text": "applied research project",
        "userDefined": false
      }
    ],
    "isTemplate": false,
    "count": 0,
    "lang": "en",
    "updated": 0
  }
]