[
  {
    "id": "54265098-e2e5-4c14-a679-a5514c2bfa52",
    "data": [
      {
        "text": "i already have an internship",
        "userDefined": false
      }
    ],
    "isTemplate": false,
    "count": 0,
    "lang": "en",
    "updated": 0
  },
  {
    "id": "628dc29e-0909-4a1c-9566-75e19fbfe080",
    "data": [
      {
        "text": "where do i submit my internship",
        "userDefined": false
      }
    ],
    "isTemplate": false,
    "count": 0,
    "lang": "en",
    "updated": 0
  },
  {
    "id": "77b40126-6583-4d23-aff7-7ec3aada289f",
    "data": [
      {
        "text": "how to get approval",
        "userDefined": false
      }
    ],
    "isTemplate": false,
    "count": 0,
    "lang": "en",
    "updated": 0
  },
  {
    "id": "0d43e1c4-c702-4694-96d4-fb39b2360e57",
    "data": [
      {
        "text": "how to get approved",
        "userDefined": false
      }
    ],
    "isTemplate": false,
    "count": 0,
    "lang": "en",
    "updated": 0
  },
  {
    "id": "951e3432-7f0e-4682-9cbc-eccebbbcc653",
    "data": [
      {
        "text": "approval process",
        "userDefined": false
      }
    ],
    "isTemplate": false,
    "count": 0,
    "lang": "en",
    "updated": 0
  },
  {
    "id": "a6a4dc8d-9b81-452c-bce9-082ed5d48ec0",
    "data": [
      {
        "text": "how do i get an internship approved",
        "userDefined": false
      }
    ],
    "isTemplate": false,
    "count": 0,
    "lang": "en",
    "updated": 0
  }
]