[
  {
    "id": "945076be-42b4-4461-897f-4b9590725720",
    "data": [
      {
        "text": "how many hours",
        "userDefined": false
      }
    ],
    "isTemplate": false,
    "count": 0,
    "lang": "en",
    "updated": 0
  },
  {
    "id": "c9b7240d-b0ec-426d-b640-95345a32396e",
    "data": [
      {
        "text": "hours",
        "userDefined": false
      }
    ],
    "isTemplate": false,
    "count": 0,
    "lang": "en",
    "updated": 0
  },
  {
    "id": "44fb72d1-22d0-45e7-bbbb-67e66d8b0afb",
    "data": [
      {
        "text": "how many credits",
        "userDefined": false
      }
    ],
    "isTemplate": false,
    "count": 0,
    "lang": "en",
    "updated": 0
  },
  {
    "id": "c7156ec8-7391-42b3-887d-c6ee5881fb7f",
    "data": [
      {
        "text": "credits",
        "userDefined": false
      }
    ],
    "isTemplate": false,
    "count": 0,
    "lang": "en",
    "updated": 0
  },
  {
    "id": "97163b01-5a51-4635-8f38-6fbbc9108911",
    "data": [
      {
        "text": "what do i have to do",
        "userDefined": false
      }
    ],
    "isTemplate": false,
    "count": 0,
    "lang": "en",
    "updated": 0
  },
  {
    "id": "42a88c73-7aea-4244-9522-fb7ae42ae611",
    "data": [
      {
        "text": "what are the requirements",
        "userDefined": false
      }
    ],
    "isTemplate": false,
    "count": 0,
    "lang": "en",
    "updated": 0
  },
  {
    "id": "f89d0255-406c-468e-941e-798bb2700c31",
    "data": [
      {
        "text": "what are the course requirements",
        "userDefined": false
      }
    ],
    "isTemplate": false,
    "count": 0,
    "lang": "en",
    "updated": 0
  },
  {
    "id": "a6560c2e-d631-40ec-931d-f3144ea3bca5",
    "data": [
      {
        "text": "requirements",
        "userDefined": false
      }
    ],
    "isTemplate": false,
    "count": 0,
    "lang": "en",
    "updated": 0
  },
  {
    "id": "940bf8b5-cf2d-4130-a740-ecc14edac805",
    "data": [
      {
        "text": "course requirements",
        "userDefined": false
      }
    ],
    "isTemplate": false,
    "count": 0,
    "lang": "en",
    "updated": 0
  }
]