[
  {
    "id": "4232491e-5536-4cfa-b377-c76a776c3ec8",
    "data": [
      {
        "text": "what do we do in this class",
        "userDefined": false
      }
    ],
    "isTemplate": false,
    "count": 0,
    "lang": "en",
    "updated": 0
  },
  {
    "id": "e78b048d-f479-4235-8c3a-f62139b48219",
    "data": [
      {
        "text": "what work is there",
        "userDefined": false
      }
    ],
    "isTemplate": false,
    "count": 0,
    "lang": "en",
    "updated": 0
  },
  {
    "id": "e7d752fd-7152-41bf-99fa-aaaef7ba3611",
    "data": [
      {
        "text": "coursework",
        "userDefined": false
      }
    ],
    "isTemplate": false,
    "count": 0,
    "lang": "en",
    "updated": 0
  },
  {
    "id": "877ddcd6-6043-4883-a2e1-edbd62ae3460",
    "data": [
      {
        "text": "homework",
        "userDefined": false
      }
    ],
    "isTemplate": false,
    "count": 0,
    "lang": "en",
    "updated": 0
  },
  {
    "id": "d2637c1b-d4cf-4fe6-9373-dfedf59a7295",
    "data": [
      {
        "text": "class work",
        "userDefined": false
      }
    ],
    "isTemplate": false,
    "count": 0,
    "lang": "en",
    "updated": 0
  },
  {
    "id": "e30bde0a-3d00-4ffb-999d-9ebf0329bbdf",
    "data": [
      {
        "text": "what else do i have to do",
        "userDefined": false
      }
    ],
    "isTemplate": false,
    "count": 0,
    "lang": "en",
    "updated": 0
  },
  {
    "id": "249dd580-5299-44ab-8771-f1ac6f4aeb7f",
    "data": [
      {
        "text": "course work",
        "userDefined": false
      }
    ],
    "isTemplate": false,
    "count": 0,
    "lang": "en",
    "updated": 0
  }
]