[
  {
    "id": "8a12d33d-1f28-4681-89b8-ff5b99e9a427",
    "data": [
      {
        "text": "class",
        "userDefined": false
      }
    ],
    "isTemplate": false,
    "count": 0,
    "lang": "en",
    "updated": 0
  },
  {
    "id": "994680e3-76ae-4646-b80f-576ef6ae65cd",
    "data": [
      {
        "text": "presentation",
        "userDefined": false
      }
    ],
    "isTemplate": false,
    "count": 0,
    "lang": "en",
    "updated": 0
  },
  {
    "id": "a3bea673-df00-4df0-8b08-65b031aba2a6",
    "data": [
      {
        "text": "progress presentation",
        "userDefined": false
      }
    ],
    "isTemplate": false,
    "count": 0,
    "lang": "en",
    "updated": 0
  },
  {
    "id": "6136fadd-760a-4381-9133-088095f38e79",
    "data": [
      {
        "text": "progress report",
        "userDefined": false
      }
    ],
    "isTemplate": false,
    "count": 0,
    "lang": "en",
    "updated": 0
  },
  {
    "id": "b51ab8e6-ae12-4871-bdb1-b3c7b960e97a",
    "data": [
      {
        "text": "attend",
        "userDefined": false
      }
    ],
    "isTemplate": false,
    "count": 0,
    "lang": "en",
    "updated": 0
  },
  {
    "id": "34e28a72-4116-47f5-806e-d62065ac3280",
    "data": [
      {
        "text": "attendance",
        "userDefined": false
      }
    ],
    "isTemplate": false,
    "count": 0,
    "lang": "en",
    "updated": 0
  }
]