[
  {
    "id": "8136eaff-382b-4013-b9e9-ec8499195659",
    "data": [
      {
        "text": "tell me more about the weekly log",
        "userDefined": false
      }
    ],
    "isTemplate": false,
    "count": 0,
    "lang": "en",
    "updated": 0
  },
  {
    "id": "396ee27e-9f31-40a6-a491-579354db09ac",
    "data": [
      {
        "text": "what is the weekly log",
        "userDefined": false
      }
    ],
    "isTemplate": false,
    "count": 0,
    "lang": "en",
    "updated": 0
  },
  {
    "id": "33b33e12-f926-4757-9c79-d536c873d13a",
    "data": [
      {
        "text": "log",
        "userDefined": false
      }
    ],
    "isTemplate": false,
    "count": 0,
    "lang": "en",
    "updated": 0
  },
  {
    "id": "4424240d-23e1-4f0e-ac07-1c182c56976f",
    "data": [
      {
        "text": "weekly",
        "userDefined": false
      }
    ],
    "isTemplate": false,
    "count": 0,
    "lang": "en",
    "updated": 0
  },
  {
    "id": "15c2db0c-9705-457f-ad77-342c44f90817",
    "data": [
      {
        "text": "weekly log",
        "userDefined": false
      }
    ],
    "isTemplate": false,
    "count": 0,
    "lang": "en",
    "updated": 0
  }
]