[
  {
    "id": "9be3539f-5ea0-4a43-9946-977caaf4f77f",
    "data": [
      {
        "text": "course numbers",
        "userDefined": false
      }
    ],
    "isTemplate": false,
    "count": 0,
    "lang": "en",
    "updated": 0
  },
  {
    "id": "e2f3efa0-0ae3-4a88-8fd0-5414a721f4d7",
    "data": [
      {
        "text": "courses",
        "userDefined": false
      }
    ],
    "isTemplate": false,
    "count": 0,
    "lang": "en",
    "updated": 0
  },
  {
    "id": "a896c57f-00b3-411a-86a7-0f5aaf090a42",
    "data": [
      {
        "text": "course",
        "userDefined": false
      }
    ],
    "isTemplate": false,
    "count": 0,
    "lang": "en",
    "updated": 0
  },
  {
    "id": "19831c10-8a43-4d50-8f94-209319a01702",
    "data": [
      {
        "text": "course number",
        "userDefined": false
      }
    ],
    "isTemplate": false,
    "count": 0,
    "lang": "en",
    "updated": 0
  },
  {
    "id": "8008edea-4ad7-4945-bcd4-419840eb4e00",
    "data": [
      {
        "text": "class number",
        "userDefined": false
      }
    ],
    "isTemplate": false,
    "count": 0,
    "lang": "en",
    "updated": 0
  },
  {
    "id": "adf3ce60-b040-417b-9206-b60b9f80d76a",
    "data": [
      {
        "text": "what classes",
        "userDefined": false
      }
    ],
    "isTemplate": false,
    "count": 0,
    "lang": "en",
    "updated": 0
  },
  {
    "id": "85f10b2b-050a-402a-a338-20523df1f21b",
    "data": [
      {
        "text": "what class",
        "userDefined": false
      }
    ],
    "isTemplate": false,
    "count": 0,
    "lang": "en",
    "updated": 0
  },
  {
    "id": "82591026-cedf-4bae-9082-79a59237a5f6",
    "data": [
      {
        "text": "class",
        "userDefined": false
      }
    ],
    "isTemplate": false,
    "count": 0,
    "lang": "en",
    "updated": 0
  },
  {
    "id": "394e2a2e-e12f-4f21-a032-8c23e296af43",
    "data": [
      {
        "text": "classes",
        "userDefined": false
      }
    ],
    "isTemplate": false,
    "count": 0,
    "lang": "en",
    "updated": 0
  }
]