[
  {
    "id": "e37aaf04-9163-4c75-86c3-d63f71c64e9c",
    "data": [
      {
        "text": "what is the final report",
        "userDefined": false
      }
    ],
    "isTemplate": false,
    "count": 0,
    "lang": "en",
    "updated": 0
  },
  {
    "id": "c6ae2d39-71e2-470f-aadb-10cbfae44dd5",
    "data": [
      {
        "text": "tell me about the final report",
        "userDefined": false
      }
    ],
    "isTemplate": false,
    "count": 0,
    "lang": "en",
    "updated": 0
  },
  {
    "id": "dc6a8794-a7d4-4fd2-a0c5-c136bb2be5ce",
    "data": [
      {
        "text": "final",
        "userDefined": false
      }
    ],
    "isTemplate": false,
    "count": 0,
    "lang": "en",
    "updated": 0
  },
  {
    "id": "da3e4c46-1aac-46e6-9c15-3cf637bf3515",
    "data": [
      {
        "text": "report",
        "userDefined": false
      }
    ],
    "isTemplate": false,
    "count": 0,
    "lang": "en",
    "updated": 0
  },
  {
    "id": "1d0f39dc-80c5-4f0b-ace4-f2480db42151",
    "data": [
      {
        "text": "final report",
        "userDefined": false
      }
    ],
    "isTemplate": false,
    "count": 0,
    "lang": "en",
    "updated": 0
  }
]