[
  {
    "id": "6dc84a9a-903c-461e-a4aa-cf77f89c0a8b",
    "data": [
      {
        "text": "covid 19",
        "userDefined": false
      }
    ],
    "isTemplate": false,
    "count": 0,
    "lang": "en",
    "updated": 0
  },
  {
    "id": "fc494774-68ad-4e16-9e46-14a5266f0c6a",
    "data": [
      {
        "text": "coronavirus",
        "userDefined": false
      }
    ],
    "isTemplate": false,
    "count": 0,
    "lang": "en",
    "updated": 0
  },
  {
    "id": "be267de0-b9ca-425a-b5ed-03cea72d2ca7",
    "data": [
      {
        "text": "corona",
        "meta": "@sys.currency-name",
        "alias": "currency-name",
        "userDefined": false
      }
    ],
    "isTemplate": false,
    "count": 0,
    "lang": "en",
    "updated": 0
  },
  {
    "id": "468ac8a6-9d2b-456f-86f1-ec7667e23b96",
    "data": [
      {
        "text": "covid-",
        "userDefined": false
      },
      {
        "text": "19",
        "meta": "@sys.number",
        "alias": "number",
        "userDefined": false
      }
    ],
    "isTemplate": false,
    "count": 0,
    "lang": "en",
    "updated": 0
  },
  {
    "id": "fa21eef3-dc38-4490-a4ef-cf69bdae60a4",
    "data": [
      {
        "text": "covid",
        "userDefined": false
      }
    ],
    "isTemplate": false,
    "count": 0,
    "lang": "en",
    "updated": 0
  }
]