[
  {
    "id": "d14bb43e-2af4-41c8-825c-c1463bc9da8b",
    "data": [
      {
        "text": "get an internship",
        "userDefined": false
      }
    ],
    "isTemplate": false,
    "count": 0,
    "lang": "en",
    "updated": 0
  },
  {
    "id": "93e0c3ba-ca93-436d-86eb-93af55566823",
    "data": [
      {
        "text": "where do i get an internship",
        "userDefined": false
      }
    ],
    "isTemplate": false,
    "count": 0,
    "lang": "en",
    "updated": 0
  },
  {
    "id": "4536df49-0c33-4dd5-a4fe-22ec67fe98c9",
    "data": [
      {
        "text": "how do i get an internship",
        "userDefined": false
      }
    ],
    "isTemplate": false,
    "count": 0,
    "lang": "en",
    "updated": 0
  }
]