[
  {
    "id": "75ee0fd2-595e-4147-9b44-d6669f56627c",
    "data": [
      {
        "text": "grades",
        "userDefined": false
      }
    ],
    "isTemplate": false,
    "count": 0,
    "lang": "en",
    "updated": 0
  },
  {
    "id": "2951a757-a90a-4462-b536-74e6f7ee9810",
    "data": [
      {
        "text": "how am i graded",
        "userDefined": false
      }
    ],
    "isTemplate": false,
    "count": 0,
    "lang": "en",
    "updated": 0
  },
  {
    "id": "82b4d84b-0639-4642-b4ec-3338a2f9c82c",
    "data": [
      {
        "text": "how is this graded",
        "userDefined": false
      }
    ],
    "isTemplate": false,
    "count": 0,
    "lang": "en",
    "updated": 0
  }
]