[
  {
    "id": "a4516933-04a9-4e84-8e4a-ba4fc84b2521",
    "data": [
      {
        "text": "who do i email",
        "userDefined": false
      }
    ],
    "isTemplate": false,
    "count": 0,
    "lang": "en",
    "updated": 0
  },
  {
    "id": "ceddf467-6721-44bf-bbe4-c64966ad3d7f",
    "data": [
      {
        "text": "who can i email",
        "userDefined": false
      }
    ],
    "isTemplate": false,
    "count": 0,
    "lang": "en",
    "updated": 0
  },
  {
    "id": "edb423e4-370b-4706-9e0d-704e306bba21",
    "data": [
      {
        "text": "email",
        "userDefined": false
      }
    ],
    "isTemplate": false,
    "count": 0,
    "lang": "en",
    "updated": 0
  },
  {
    "id": "85776e2b-c7e8-4d71-a4e5-4f7f56f81f43",
    "data": [
      {
        "text": "where do i contact",
        "userDefined": false
      }
    ],
    "isTemplate": false,
    "count": 0,
    "lang": "en",
    "updated": 0
  },
  {
    "id": "9570b8dc-ea19-47ce-9912-d9b9022586d1",
    "data": [
      {
        "text": "who do i contact",
        "userDefined": false
      }
    ],
    "isTemplate": false,
    "count": 0,
    "lang": "en",
    "updated": 0
  },
  {
    "id": "77ab69c3-e640-4b95-ace3-b483e7034ed5",
    "data": [
      {
        "text": "how can i get more help",
        "userDefined": false
      }
    ],
    "isTemplate": false,
    "count": 0,
    "lang": "en",
    "updated": 0
  },
  {
    "id": "5af66606-3d0a-4661-8c30-be1102a9262b",
    "data": [
      {
        "text": "how do i get more help",
        "userDefined": false
      }
    ],
    "isTemplate": false,
    "count": 0,
    "lang": "en",
    "updated": 0
  },
  {
    "id": "5f0008a2-daae-4c2e-a0f7-bdb4ff99f112",
    "data": [
      {
        "text": "i need more help",
        "userDefined": false
      }
    ],
    "isTemplate": false,
    "count": 0,
    "lang": "en",
    "updated": 0
  },
  {
    "id": "14dd40bf-74d9-4b13-97cf-53d730a9df3e",
    "data": [
      {
        "text": "more help",
        "userDefined": false
      }
    ],
    "isTemplate": false,
    "count": 0,
    "lang": "en",
    "updated": 0
  },
  {
    "id": "399d84bc-5d30-451d-8afa-8987ac887bcd",
    "data": [
      {
        "text": "i need help",
        "userDefined": false
      }
    ],
    "isTemplate": false,
    "count": 0,
    "lang": "en",
    "updated": 0
  },
  {
    "id": "76ba19c7-90ed-4d4a-ad3d-fbe0d93ab656",
    "data": [
      {
        "text": "help",
        "userDefined": false
      }
    ],
    "isTemplate": false,
    "count": 0,
    "lang": "en",
    "updated": 0
  }
]