[
  {
    "id": "950bb6f4-e6bd-4078-9d08-14b3ac03394d",
    "data": [
      {
        "text": "what are my internship options",
        "userDefined": false
      }
    ],
    "isTemplate": false,
    "count": 0,
    "lang": "en",
    "updated": 0
  },
  {
    "id": "0458aa81-ad6c-4070-959f-b067d0c99342",
    "data": [
      {
        "text": "what are the internship options",
        "userDefined": false
      }
    ],
    "isTemplate": false,
    "count": 0,
    "lang": "en",
    "updated": 0
  },
  {
    "id": "3bb374e7-e6d9-4766-b291-1792ab73ad16",
    "data": [
      {
        "text": "internship option",
        "userDefined": false
      }
    ],
    "isTemplate": false,
    "count": 0,
    "lang": "en",
    "updated": 0
  },
  {
    "id": "96d5c5ed-014c-46a9-8158-235bc2fceb42",
    "data": [
      {
        "text": "options",
        "userDefined": false
      }
    ],
    "isTemplate": false,
    "count": 0,
    "lang": "en",
    "updated": 0
  },
  {
    "id": "2e852bd8-46e0-49d8-b2d5-54ecdbe0aee0",
    "data": [
      {
        "text": "internship options",
        "userDefined": false
      }
    ],
    "isTemplate": false,
    "count": 0,
    "lang": "en",
    "updated": 0
  }
]