[
  {
    "id": "26b4624a-2350-4167-9740-d166e3c115f1",
    "data": [
      {
        "text": "how do i get a visa",
        "userDefined": false
      }
    ],
    "isTemplate": false,
    "count": 0,
    "lang": "en",
    "updated": 0
  },
  {
    "id": "f177d3c9-7920-4458-aa26-3d6ed1a171d4",
    "data": [
      {
        "text": "immigration",
        "userDefined": false
      }
    ],
    "isTemplate": false,
    "count": 0,
    "lang": "en",
    "updated": 0
  },
  {
    "id": "d2a3e049-9abf-46c8-8ae1-e856cad833d8",
    "data": [
      {
        "text": "overseas",
        "userDefined": false
      }
    ],
    "isTemplate": false,
    "count": 0,
    "lang": "en",
    "updated": 0
  },
  {
    "id": "ee4b0525-b7a3-43d4-8d7b-40df492d6a25",
    "data": [
      {
        "text": "international",
        "userDefined": false
      }
    ],
    "isTemplate": false,
    "count": 0,
    "lang": "en",
    "updated": 0
  },
  {
    "id": "22d756a6-77c6-4834-8d1a-fb6ff048238e",
    "data": [
      {
        "text": "international student",
        "userDefined": false
      }
    ],
    "isTemplate": false,
    "count": 0,
    "lang": "en",
    "updated": 0
  },
  {
    "id": "3bb2c0bb-c4f5-41d6-bdec-faa2dcf51637",
    "data": [
      {
        "text": "i am an international student",
        "userDefined": false
      }
    ],
    "isTemplate": false,
    "count": 0,
    "lang": "en",
    "updated": 0
  }
]