[
  {
    "id": "caaa68c6-cc0a-4df2-a112-f32657319761",
    "data": [
      {
        "text": "like what",
        "userDefined": false
      }
    ],
    "isTemplate": false,
    "count": 0,
    "lang": "en",
    "updated": 0
  },
  {
    "id": "4d52d0bf-5566-4f0d-b428-7a66cd82a818",
    "data": [
      {
        "text": "what",
        "userDefined": false
      }
    ],
    "isTemplate": false,
    "count": 0,
    "lang": "en",
    "updated": 0
  },
  {
    "id": "7072e7d0-dd6c-419d-bf36-be6911f9eed2",
    "data": [
      {
        "text": "such as",
        "userDefined": false
      }
    ],
    "isTemplate": false,
    "count": 0,
    "lang": "en",
    "updated": 0
  },
  {
    "id": "8adcc1d6-4be8-4fee-a596-f35968f18c77",
    "data": [
      {
        "text": "like",
        "userDefined": false
      }
    ],
    "isTemplate": false,
    "count": 0,
    "lang": "en",
    "updated": 0
  }
]