[
  {
    "id": "90121108-741a-4479-a172-897b3ac6e9eb",
    "data": [
      {
        "text": "what can you tell me",
        "userDefined": false
      }
    ],
    "isTemplate": false,
    "count": 0,
    "lang": "en",
    "updated": 0
  },
  {
    "id": "7301413a-f87b-40a8-9897-e482dfc0e16e",
    "data": [
      {
        "text": "what can you do",
        "userDefined": false
      }
    ],
    "isTemplate": false,
    "count": 0,
    "lang": "en",
    "updated": 0
  },
  {
    "id": "6997445e-8f0d-4ded-b319-e5bf8c5e4eb1",
    "data": [
      {
        "text": "what can you help me with",
        "userDefined": false
      }
    ],
    "isTemplate": false,
    "count": 0,
    "lang": "en",
    "updated": 0
  }
]