[
  {
    "id": "3e6b1e89-570b-449f-aaee-439c9be79eff",
    "data": [
      {
        "text": "i don\u0027t know where to start",
        "userDefined": false
      }
    ],
    "isTemplate": false,
    "count": 0,
    "lang": "en",
    "updated": 0
  },
  {
    "id": "15fa684f-6702-4b25-bc92-9666d38751d4",
    "data": [
      {
        "text": "start",
        "userDefined": false
      }
    ],
    "isTemplate": false,
    "count": 0,
    "lang": "en",
    "updated": 0
  },
  {
    "id": "db33e4a1-76e4-4e0b-a7b0-c23d133534fe",
    "data": [
      {
        "text": "where do i start",
        "userDefined": false
      }
    ],
    "isTemplate": false,
    "count": 0,
    "lang": "en",
    "updated": 0
  }
]