[
  {
    "id": "06f4b20f-9976-4654-8ec0-c6f31a147f8d",
    "data": [
      {
        "text": "who teaches",
        "userDefined": false
      }
    ],
    "isTemplate": false,
    "count": 0,
    "lang": "en",
    "updated": 0
  },
  {
    "id": "7dc2bb39-cf24-4f80-a585-884e3451f2a8",
    "data": [
      {
        "text": "who runs the course",
        "userDefined": false
      }
    ],
    "isTemplate": false,
    "count": 0,
    "lang": "en",
    "updated": 0
  },
  {
    "id": "323c769a-44e0-4731-baac-a3fed046f100",
    "data": [
      {
        "text": "who runs this",
        "userDefined": false
      }
    ],
    "isTemplate": false,
    "count": 0,
    "lang": "en",
    "updated": 0
  },
  {
    "id": "d6d75dc4-f7ae-4ccb-bb4e-5fdadaa70890",
    "data": [
      {
        "text": "who is the instructor",
        "userDefined": false
      }
    ],
    "isTemplate": false,
    "count": 0,
    "lang": "en",
    "updated": 0
  },
  {
    "id": "c3d14260-3673-4022-82b4-734b8e23ed1c",
    "data": [
      {
        "text": "instructor",
        "userDefined": false
      }
    ],
    "isTemplate": false,
    "count": 0,
    "lang": "en",
    "updated": 0
  },
  {
    "id": "ac6b1d71-fa88-48eb-ac6c-6abd6cfd1967",
    "data": [
      {
        "text": "teacher",
        "userDefined": false
      }
    ],
    "isTemplate": false,
    "count": 0,
    "lang": "en",
    "updated": 0
  },
  {
    "id": "6e66ae3f-012d-4634-8ffc-9c8eb2d96c4c",
    "data": [
      {
        "text": "who is the teacher",
        "userDefined": false
      }
    ],
    "isTemplate": false,
    "count": 0,
    "lang": "en",
    "updated": 0
  }
]