[
  {
    "action": "smalltalk.agent.can_you_help",
    "customAnswers": [
      "Yes, I can answer assorted questions in regards to the Internship Experience course."
    ]
  },
  {
    "action": "smalltalk.appraisal.bad",
    "customAnswers": [
      "I\u0027m sorry to hear that."
    ]
  },
  {
    "action": "smalltalk.appraisal.good",
    "customAnswers": [
      "Glad to help!"
    ]
  },
  {
    "action": "smalltalk.appraisal.no_problem",
    "customAnswers": [
      "Good to hear."
    ]
  },
  {
    "action": "smalltalk.appraisal.thank_you",
    "customAnswers": [
      "Glad to help!"
    ]
  },
  {
    "action": "smalltalk.appraisal.welcome",
    "customAnswers": [
      "Thanks?"
    ]
  },
  {
    "action": "smalltalk.appraisal.well_done",
    "customAnswers": [
      "Thanks!"
    ]
  },
  {
    "action": "smalltalk.dialog.hold_on",
    "customAnswers": [
      "Sure thing."
    ]
  },
  {
    "action": "smalltalk.dialog.i_do_not_care",
    "customAnswers": [
      "Me neither."
    ]
  },
  {
    "action": "smalltalk.dialog.sorry",
    "customAnswers": [
      "It\u0027s alright!"
    ]
  },
  {
    "action": "smalltalk.dialog.wrong",
    "customAnswers": [
      "Rarely."
    ]
  },
  {
    "action": "smalltalk.emotions.ha_ha",
    "customAnswers": [
      "Right?"
    ]
  },
  {
    "action": "smalltalk.emotions.wow",
    "customAnswers": [
      "Right?"
    ]
  },
  {
    "action": "smalltalk.greetings.bye",
    "customAnswers": [
      "Good bye!"
    ]
  },
  {
    "action": "smalltalk.greetings.goodevening",
    "customAnswers": [
      "Good evening."
    ]
  },
  {
    "action": "smalltalk.greetings.goodmorning",
    "customAnswers": [
      "Good morning."
    ]
  },
  {
    "action": "smalltalk.greetings.goodnight",
    "customAnswers": [
      "Good night."
    ]
  },
  {
    "action": "smalltalk.greetings.hello",
    "customAnswers": [
      "Hello!"
    ]
  },
  {
    "action": "smalltalk.greetings.how_are_you",
    "customAnswers": [
      "I\u0027m doing well."
    ]
  },
  {
    "action": "smalltalk.greetings.nice_to_meet_you",
    "customAnswers": [
      "Nice to meet you too!"
    ]
  },
  {
    "action": "smalltalk.greetings.nice_to_see_you",
    "customAnswers": [
      "Good to see you too!"
    ]
  },
  {
    "action": "smalltalk.greetings.nice_to_talk_to_you",
    "customAnswers": [
      "It\u0027s been a pleasure!"
    ]
  },
  {
    "action": "smalltalk.greetings.whatsup",
    "customAnswers": [
      "Not much going on today. How can I help you?"
    ]
  },
  {
    "action": "smalltalk.user.testing_agent",
    "customAnswers": [
      "Are you sure?",
      "Maybe I\u0027m testing you?",
      "Would you like to test that theory?"
    ]
  }
]